﻿"Source Name","Program Name","Path","Date/Time","Count","Comment","Data Source"
"AUDIODG.EXE-BDFD3029.pf","AUDIODG.EXE","/WINDOWS/SYSTEM32","2019-11-29 10:30:38 CET","6","Prefetch File","client.E01"
"BFSVC.EXE-9C7A4DEE.pf","BFSVC.EXE","/WINDOWS","2015-08-19 12:33:12 CEST","1","Prefetch File","client.E01"
"CLRGC.EXE-4FA736A3.pf","CLRGC.EXE","/WINDOWS/WINSXS/X86_NETFX-CLRGC_B03F5F7F11D50A3A_6.1.7601.17514_NONE_F5276FE6B5ADF276","2015-08-19 12:33:14 CEST","3","Prefetch File","client.E01"
"CMD.EXE-4A81B364.pf","CMD.EXE","/WINDOWS/SYSTEM32","2019-11-29 10:03:48 CET","16","Prefetch File","client.E01"
"COMPMGMTLAUNCHER.EXE-D8C6028E.pf","COMPMGMTLAUNCHER.EXE","/WINDOWS/SYSTEM32","2015-08-19 13:07:20 CEST","2","Prefetch File","client.E01"
"CONHOST.EXE-1F3E9D7E.pf","CONHOST.EXE","/WINDOWS/SYSTEM32","2019-11-29 10:03:48 CET","24","Prefetch File","client.E01"
"CONSENT.EXE-531BD9EA.pf","CONSENT.EXE","/WINDOWS/SYSTEM32","2015-08-19 12:47:51 CEST","7","Prefetch File","client.E01"
"CSCRIPT.EXE-D1EF4768.pf","CSCRIPT.EXE","/WINDOWS/SYSTEM32","2015-08-19 13:34:15 CEST","12","Prefetch File","client.E01"
"CSRSS.EXE-3FE41F7E.pf","CSRSS.EXE","/WINDOWS/SYSTEM32","2015-08-20 16:15:57 CEST","1","Prefetch File","client.E01"
"DLLHOST.EXE-010CA916.pf","DLLHOST.EXE","/WINDOWS/SYSTEM32","2019-11-28 18:08:59 CET","2","Prefetch File","client.E01"
"DLLHOST.EXE-0F564EEF.pf","DLLHOST.EXE","/WINDOWS/SYSTEM32","2015-08-19 12:40:25 CEST","1","Prefetch File","client.E01"
"DLLHOST.EXE-5E46FA0D.pf","DLLHOST.EXE","/WINDOWS/SYSTEM32","2019-11-29 10:17:12 CET","12","Prefetch File","client.E01"
"DLLHOST.EXE-766398D2.pf","DLLHOST.EXE","/WINDOWS/SYSTEM32","2019-11-29 09:38:24 CET","16","Prefetch File","client.E01"
"DLLHOST.EXE-7CE224E3.pf","DLLHOST.EXE","/WINDOWS/SYSTEM32","2015-08-19 12:40:26 CEST","1","Prefetch File","client.E01"
"DRVINST.EXE-4CB4314A.pf","DRVINST.EXE","/WINDOWS/SYSTEM32","2015-08-20 16:25:45 CEST","18","Prefetch File","client.E01"
"DWM.EXE-6FFD3DA8.pf","DWM.EXE","/WINDOWS/SYSTEM32","2019-11-29 09:38:28 CET","3","Prefetch File","client.E01"
"EXPLORER.EXE-A80E4F97.pf","EXPLORER.EXE","/WINDOWS","2019-11-29 10:32:27 CET","8","Prefetch File","client.E01"
"HOSTNAME.EXE-D4E60423.pf","HOSTNAME.EXE","/WINDOWS/SYSTEM32","2019-11-29 10:04:01 CET","14","Prefetch File","client.E01"
"IE4UINIT.EXE-3A7E0C67.pf","IE4UINIT.EXE","/WINDOWS/SYSTEM32","2015-08-20 16:26:04 CEST","4","Prefetch File","client.E01"
"IEXPLORE.EXE-908C99F8.pf","IEXPLORE.EXE","/PROGRAM FILES/INTERNET EXPLORER","2019-11-29 10:17:58 CET","11","Prefetch File","client.E01"
"LOGONUI.EXE-09140401.pf","LOGONUI.EXE","/WINDOWS/SYSTEM32","2015-08-20 16:15:57 CEST","4","Prefetch File","client.E01"
"MCTADMIN.EXE-C9CFA3B9.pf","MCTADMIN.EXE","/WINDOWS/SYSTEM32","2015-08-19 12:35:53 CEST","1","Prefetch File","client.E01"
"MMC.EXE-561C5A40.pf","MMC.EXE","/WINDOWS/SYSTEM32","2015-08-19 13:07:21 CEST","2","Prefetch File","client.E01"
"MOBSYNC.EXE-C5E2284F.pf","MOBSYNC.EXE","/WINDOWS/SYSTEM32","2019-11-29 09:51:11 CET","5","Prefetch File","client.E01"
"MPAS-FE.EXE-6BCBD37D.pf","MPAS-FE.EXE","","2015-08-20 16:25:47 CEST","1","Prefetch File","client.E01"
"MPCMDRUN.EXE-F401FBB4.pf","MPCMDRUN.EXE","/PROGRAM FILES/WINDOWS DEFENDER","2015-08-20 16:25:26 CEST","1","Prefetch File","client.E01"
"MPSIGSTUB.EXE-21F59209.pf","MPSIGSTUB.EXE","/4BEEF39A2D5965743953BF07","2015-08-20 16:25:49 CEST","1","Prefetch File","client.E01"
"MSCORSVW.EXE-90526FAC.pf","MSCORSVW.EXE","/WINDOWS/MICROSOFT.NET/FRAMEWORK/V2.0.50727","2015-08-19 13:14:01 CEST","16","Prefetch File","client.E01"
"MSIEXEC.EXE-A2D55CB6.pf","MSIEXEC.EXE","/WINDOWS/SYSTEM32","2015-08-20 16:27:48 CEST","4","Prefetch File","client.E01"
"NET.EXE-DF44F913.pf","NET.EXE","/WINDOWS/SYSTEM32","2015-08-20 16:10:45 CEST","3","Prefetch File","client.E01"
"NETSH.EXE-F1B6DA12.pf","NETSH.EXE","/WINDOWS/SYSTEM32","2015-08-20 16:10:43 CEST","3","Prefetch File","client.E01"
"NETSTAT.EXE-5A5A908F.pf","NETSTAT.EXE","/WINDOWS/SYSTEM32","2015-08-19 13:32:42 CEST","3","Prefetch File","client.E01"
"NS2C81.TMP-2CEF04BA.pf","NS2C81.TMP","/USERS/VAGRANT/APPDATA/LOCAL/TEMP/NSCEF4F.TMP","2015-08-19 12:37:28 CEST","1","Prefetch File","client.E01"
"NS358.TMP-C85FF4F4.pf","NS358.TMP","/USERS/VAGRANT/APPDATA/LOCAL/TEMP/NSCEF4F.TMP","2015-08-19 12:37:18 CEST","1","Prefetch File","client.E01"
"NS5C13.TMP-1167D860.pf","NS5C13.TMP","/USERS/VAGRANT/APPDATA/LOCAL/TEMP/NSCEF4F.TMP","2015-08-19 12:37:40 CEST","1","Prefetch File","client.E01"
"NS5F72.TMP-E1BF72E8.pf","NS5F72.TMP","/USERS/VAGRANT/APPDATA/LOCAL/TEMP/NSCEF4F.TMP","2015-08-19 12:37:41 CEST","1","Prefetch File","client.E01"
"NS6063.TMP-5051400F.pf","NS6063.TMP","/USERS/VAGRANT/APPDATA/LOCAL/TEMP/NSCEF4F.TMP","2015-08-19 12:37:42 CEST","1","Prefetch File","client.E01"
"NS6122.TMP-28314FCB.pf","NS6122.TMP","/USERS/VAGRANT/APPDATA/LOCAL/TEMP/NSCEF4F.TMP","2015-08-19 12:37:42 CEST","1","Prefetch File","client.E01"
"NS619B.TMP-23AE10C6.pf","NS619B.TMP","/USERS/VAGRANT/APPDATA/LOCAL/TEMP/NSCEF4F.TMP","2015-08-19 12:37:42 CEST","1","Prefetch File","client.E01"
"NS6279.TMP-2BC52ED4.pf","NS6279.TMP","/USERS/VAGRANT/APPDATA/LOCAL/TEMP/NSCEF4F.TMP","2015-08-19 12:37:42 CEST","1","Prefetch File","client.E01"
"NS62F2.TMP-9621B7C4.pf","NS62F2.TMP","/USERS/VAGRANT/APPDATA/LOCAL/TEMP/NSCEF4F.TMP","2015-08-19 12:37:42 CEST","1","Prefetch File","client.E01"
"NS8AB.TMP-D014590B.pf","NS8AB.TMP","/USERS/VAGRANT/APPDATA/LOCAL/TEMP/NSCEF4F.TMP","2015-08-19 12:37:19 CEST","1","Prefetch File","client.E01"
"NTOSBOOT-B00DFAAD.pf","NTOSBOOT","","2019-11-28 15:58:07 CET","2","Prefetch File","client.E01"
"PING.EXE-7E94E73E.pf","PING.EXE","/WINDOWS/SYSTEM32","2019-11-29 09:41:11 CET","1","Prefetch File","client.E01"
"POWERSHELL.EXE-920BBA2A.pf","POWERSHELL.EXE","/WINDOWS/SYSTEM32/WINDOWSPOWERSHELL/V1.0","2015-08-20 16:15:56 CEST","13","Prefetch File","client.E01"
"REG.EXE-E7E8BD26.pf","REG.EXE","/WINDOWS/SYSTEM32","2015-08-19 12:41:27 CEST","1","Prefetch File","client.E01"
"REGSVR32.EXE-8461DBEE.pf","REGSVR32.EXE","/WINDOWS/SYSTEM32","2015-08-19 12:35:51 CEST","2","Prefetch File","client.E01"
"RUBY.EXE-7E93E6B0.pf","RUBY.EXE","/PROGRAM FILES/PUPPET LABS/PUPPET/SYS/RUBY/BIN","2019-11-29 10:04:01 CET","5","Prefetch File","client.E01"
"RUNDLL32.EXE-11E8A248.pf","RUNDLL32.EXE","/WINDOWS/SYSTEM32","2015-08-19 12:37:28 CEST","1","Prefetch File","client.E01"
"RUNDLL32.EXE-1CABF2F5.pf","RUNDLL32.EXE","/WINDOWS/SYSTEM32","2015-08-19 12:35:42 CEST","1","Prefetch File","client.E01"
"RUNDLL32.EXE-70FA13F0.pf","RUNDLL32.EXE","/WINDOWS/SYSTEM32","2015-08-19 12:35:42 CEST","1","Prefetch File","client.E01"
"RUNDLL32.EXE-7438E4D5.pf","RUNDLL32.EXE","/WINDOWS/SYSTEM32","2015-08-19 12:35:43 CEST","1","Prefetch File","client.E01"
"RUNDLL32.EXE-9CC17D45.pf","RUNDLL32.EXE","/WINDOWS/SYSTEM32","2015-08-19 12:35:52 CEST","1","Prefetch File","client.E01"
"RUNDLL32.EXE-C211633D.pf","RUNDLL32.EXE","/WINDOWS/SYSTEM32","2015-08-19 12:35:52 CEST","1","Prefetch File","client.E01"
"RUNDLL32.EXE-DE9673F9.pf","RUNDLL32.EXE","/WINDOWS/SYSTEM32","2015-08-19 12:36:49 CEST","1","Prefetch File","client.E01"
"RUNDLL32.EXE-E8BD7DFF.pf","RUNDLL32.EXE","/WINDOWS/SYSTEM32","2015-08-19 12:35:42 CEST","1","Prefetch File","client.E01"
"RUNDLL32.EXE-ECD444D4.pf","RUNDLL32.EXE","/WINDOWS/SYSTEM32","2015-08-19 12:35:42 CEST","1","Prefetch File","client.E01"
"RUNDLL32.EXE-EF3D3FFE.pf","RUNDLL32.EXE","/WINDOWS/SYSTEM32","2015-08-19 12:37:19 CEST","1","Prefetch File","client.E01"
"RUNDLL32.EXE-F5AD1B13.pf","RUNDLL32.EXE","/WINDOWS/SYSTEM32","2019-11-28 18:01:02 CET","1","Prefetch File","client.E01"
"RUNONCE.EXE-D0649312.pf","RUNONCE.EXE","/WINDOWS/SYSTEM32","2015-08-19 12:35:42 CEST","1","Prefetch File","client.E01"
"SC.EXE-945D79AE.pf","SC.EXE","/WINDOWS/SYSTEM32","2015-08-19 12:49:11 CEST","2","Prefetch File","client.E01"
"SDCLT.EXE-E10B972A.pf","SDCLT.EXE","","2019-11-28 18:01:13 CET","1","Prefetch File","client.E01"
"SEARCHFILTERHOST.EXE-77482212.pf","SEARCHFILTERHOST.EXE","/WINDOWS/SYSTEM32","2019-11-29 10:32:25 CET","20","Prefetch File","client.E01"
"SEARCHINDEXER.EXE-4A6353B9.pf","SEARCHINDEXER.EXE","/WINDOWS/SYSTEM32","2019-11-29 09:35:37 CET","5","Prefetch File","client.E01"
"SEARCHPROTOCOLHOST.EXE-0CB8CADE.pf","SEARCHPROTOCOLHOST.EXE","/WINDOWS/SYSTEM32","2019-11-29 10:32:25 CET","18","Prefetch File","client.E01"
"SIDEBAR.EXE-FA75EA61.pf","SIDEBAR.EXE","/PROGRAM FILES/WINDOWS SIDEBAR","2015-08-19 12:35:53 CEST","1","Prefetch File","client.E01"
"SLUI.EXE-724E99D9.pf","SLUI.EXE","/WINDOWS/SYSTEM32","2019-11-29 10:20:28 CET","5","Prefetch File","client.E01"
"SMSS.EXE-E9C28FC6.pf","SMSS.EXE","/WINDOWS/SYSTEM32","2015-08-20 16:15:57 CEST","1","Prefetch File","client.E01"
"SPPSVC.EXE-B0F8131B.pf","SPPSVC.EXE","/WINDOWS/SYSTEM32","2019-11-29 09:35:28 CET","8","Prefetch File","client.E01"
"SVCHOST.EXE-007FEA55.pf","SVCHOST.EXE","/WINDOWS/SYSTEM32","2015-08-19 12:35:31 CEST","1","Prefetch File","client.E01"
"SVCHOST.EXE-05F624AB.pf","SVCHOST.EXE","/WINDOWS/SYSTEM32","2019-11-29 09:35:28 CET","9","Prefetch File","client.E01"
"SVCHOST.EXE-7CFEDEA3.pf","SVCHOST.EXE","/WINDOWS/SYSTEM32","2015-08-20 16:25:41 CEST","2","Prefetch File","client.E01"
"SYSTEMPROPERTIESREMOTE.EXE-3795D2B6.pf","SYSTEMPROPERTIESREMOTE.EXE","/WINDOWS/SYSTEM32","2015-08-19 13:53:23 CEST","1","Prefetch File","client.E01"
"TASKHOST.EXE-7238F31D.pf","TASKHOST.EXE","/WINDOWS/SYSTEM32","2019-11-29 10:07:37 CET","13","Prefetch File","client.E01"
"TSTHEME.EXE-14AC78EA.pf","TSTHEME.EXE","/WINDOWS/SYSTEM32","2015-08-20 16:28:27 CEST","2","Prefetch File","client.E01"
"UNREGMP2.EXE-2294B148.pf","UNREGMP2.EXE","/WINDOWS/SYSTEM32","2015-08-19 12:35:50 CEST","1","Prefetch File","client.E01"
"USERACCOUNTCONTROLSETTINGS.EX-1B2F66BE.pf","USERACCOUNTCONTROLSETTINGS.EX","","2015-08-19 12:40:25 CEST","2","Prefetch File","client.E01"
"USERINIT.EXE-2257A3E7.pf","USERINIT.EXE","/WINDOWS/SYSTEM32","2019-11-29 09:38:28 CET","4","Prefetch File","client.E01"
"VBOXDRVINST.EXE-7DCD6070.pf","VBOXDRVINST.EXE","/PROGRAM FILES/ORACLE/VIRTUALBOX GUEST ADDITIONS","2015-08-19 12:37:42 CEST","9","Prefetch File","client.E01"
"VBOXTRAY.EXE-1D286C83.pf","VBOXTRAY.EXE","/WINDOWS/SYSTEM32","2019-11-29 09:38:29 CET","3","Prefetch File","client.E01"
"VBOXWINDOWSADDITIONS-X86.EXE-C4ADF8B8.pf","VBOXWINDOWSADDITIONS-X86.EXE","","2015-08-19 12:37:12 CEST","1","Prefetch File","client.E01"
"VBOXWINDOWSADDITIONS.EXE-EE01DD11.pf","VBOXWINDOWSADDITIONS.EXE","","2015-08-19 12:37:10 CEST","1","Prefetch File","client.E01"
"VERCLSID.EXE-7C52E31C.pf","VERCLSID.EXE","/WINDOWS/SYSTEM32","2015-08-19 13:07:00 CEST","2","Prefetch File","client.E01"
"VSSVC.EXE-B8AFC319.pf","VSSVC.EXE","/WINDOWS/SYSTEM32","2015-08-20 16:25:41 CEST","2","Prefetch File","client.E01"
"WERMGR.EXE-0F2AC88C.pf","WERMGR.EXE","/WINDOWS/SYSTEM32","2019-11-29 09:51:25 CET","1","Prefetch File","client.E01"
"WINLOGON.EXE-B020DC41.pf","WINLOGON.EXE","/WINDOWS/SYSTEM32","2015-08-20 16:15:57 CEST","1","Prefetch File","client.E01"
"WINMAIL.EXE-1092D371.pf","WINMAIL.EXE","/PROGRAM FILES/WINDOWS MAIL","2015-08-19 12:35:44 CEST","1","Prefetch File","client.E01"
"WINRSHOST.EXE-ECE7169D.pf","WINRSHOST.EXE","/WINDOWS/SYSTEM32","2015-08-20 16:15:56 CEST","12","Prefetch File","client.E01"
"WMIADAP.EXE-F8DFDFA2.pf","WMIADAP.EXE","/WINDOWS/SYSTEM32/WBEM","2019-11-29 09:37:24 CET","8","Prefetch File","client.E01"
"WMIPRVSE.EXE-1628051C.pf","WMIPRVSE.EXE","/WINDOWS/SYSTEM32/WBEM","2019-11-29 10:03:48 CET","14","Prefetch File","client.E01"
"WMPNETWK.EXE-D9F2A96F.pf","WMPNETWK.EXE","/PROGRAM FILES/WINDOWS MEDIA PLAYER","2019-11-29 09:38:35 CET","5","Prefetch File","client.E01"
"WMPNSCFG.EXE-FC0D39BF.pf","WMPNSCFG.EXE","/PROGRAM FILES/WINDOWS MEDIA PLAYER","2019-11-29 09:52:04 CET","17","Prefetch File","client.E01"
"WORDPAD.EXE-D7FD7414.pf","WORDPAD.EXE","/PROGRAM FILES/WINDOWS NT/ACCESSORIES","2019-11-29 10:32:14 CET","2","Prefetch File","client.E01"
"WUAUCLT.EXE-70318591.pf","WUAUCLT.EXE","/WINDOWS/SYSTEM32","2015-08-20 16:25:46 CEST","1","Prefetch File","client.E01"
